{"cameraMode":{"drawMode":0,"name":"Shaded","section":"Shading Mode"},"sceneLighting":true,"audioPlay":false,"sceneViewState":{"showFog":false,"showMaterialUpdate":false,"showSkybox":false,"showFlares":false,"showImageEffects":true,"showParticleSystems":true},"in2DMode":false,"pivot":{"x":-7.44279670715332,"y":15.148669242858887,"z":18.843997955322267},"rotation":{"x":0.2940295338630676,"y":-0.62996906042099,"z":0.2797401249408722,"w":0.6621465682983398},"size":7.5053181648254398,"orthographic":false}