{"cameraMode":{"drawMode":0,"name":"Shaded","section":"Shading Mode"},"sceneLighting":false,"audioPlay":false,"sceneViewState":{"showFog":false,"showMaterialUpdate":false,"showSkybox":false,"showFlares":false,"showImageEffects":true,"showParticleSystems":true},"in2DMode":false,"pivot":{"x":4.349999904632568,"y":13.350000381469727,"z":-1.7899999618530274},"rotation":{"x":0.3356221318244934,"y":0.08742668479681015,"z":-0.031302835792303088,"w":0.937417209148407},"size":3.281219959259033,"orthographic":false}