{"cameraMode":{"drawMode":0,"name":"Shaded","section":"Shading Mode"},"sceneLighting":true,"audioPlay":false,"sceneViewState":{"showFog":false,"showMaterialUpdate":false,"showSkybox":false,"showFlares":false,"showImageEffects":true,"showParticleSystems":true},"in2DMode":false,"pivot":{"x":6.761931419372559,"y":14.600000381469727,"z":12.279999732971192},"rotation":{"x":0.3356221318244934,"y":0.08742668479681015,"z":-0.031302835792303088,"w":0.937417209148407},"size":111.10794830322266,"orthographic":false}